{
    "name": "ajax-loading",
    "title": "jQuery Ajax Loading",
    "description": "jQuery Ajax Loading.",
    "keywords": [
        "ajax",
        "loading"
    ],
    "version": "1.0.0",
    "author": {
        "name": "Grafikdev"
    },
    "maintainers": [
        {
            "name": "Grafikdev",
            "email": "contact@grafikdev.com",
            "url": "http://www.grafikdev.com"
        }
    ],
    "licenses": [
        {
            "type": "MIT",
            "url": "https://github.com/Grafikdev/jQuery-Ajax-Loading/blob/master/LICENSE"
        }
    ],
    "bugs": "https://github.com/Grafikdev/jQuery-Ajax-Loading/issues",
    "homepage": "https://github.com/Grafikdev/jQuery-Ajax-Loading/",
    "docs": "https://github.com/Grafikdev/jQuery-Ajax-Loading/blob/master/README.md",
    "dependencies": {
        "jquery": ">= 1.9.1"
    }
}
